{
"apiVersion": "V2",
"assemblies": [
{
  "files": [
    {
      "filePath": "data_summary.tsv",
      "fileType": "DATA_TABLE",
      "uncompressedLengthBytes": "815"
    },
    {
      "filePath": "assembly_data_report.jsonl",
      "fileType": "DATA_REPORT",
      "uncompressedLengthBytes": "7588"
    }
  ]
},{
  "accession": "GCA_000009305.1",
  "files": [
    {
      "filePath": "GCA_000009305.1/GCA_000009305.1_ASM930v1_genomic.fna",
      "fileType": "GENOMIC_NUCLEOTIDE_FASTA",
      "uncompressedLengthBytes": "1577233"
    }
  ]
},{
  "accession": "GCF_000009305.1",
  "files": [
    {
      "filePath": "GCF_000009305.1/GCF_000009305.1_ASM930v1_genomic.fna",
      "fileType": "GENOMIC_NUCLEOTIDE_FASTA",
      "uncompressedLengthBytes": "1577211"
    }
  ]
}]}
