{
"apiVersion": "V2",
"assemblies": [
{
  "files": [
    {
      "filePath": "data_summary.tsv",
      "fileType": "DATA_TABLE",
      "uncompressedLengthBytes": "671"
    },
    {
      "filePath": "assembly_data_report.jsonl",
      "fileType": "DATA_REPORT",
      "uncompressedLengthBytes": "6397"
    }
  ]
},{
  "accession": "GCA_000259275.1",
  "files": [
    {
      "filePath": "GCA_000259275.1/GCA_000259275.1_ASM25927v1_genomic.fna",
      "fileType": "GENOMIC_NUCLEOTIDE_FASTA",
      "uncompressedLengthBytes": "1871027"
    }
  ]
},{
  "accession": "GCF_000259275.1",
  "files": [
    {
      "filePath": "GCF_000259275.1/GCF_000259275.1_ASM25927v1_genomic.fna",
      "fileType": "GENOMIC_NUCLEOTIDE_FASTA",
      "uncompressedLengthBytes": "1871031"
    }
  ]
}]}
